{
  "resources": [
    "res\\Audio\\preLoad.ogg",
    "res\\Audio\\preLoad.m4a",
    "res\\Audio\\preLoad.mp3"
  ],
  "spritemap": {
    "5oak": {
      "start": 0,
      "end": 3.534829931972789,
      "loop": false
    },
    "anticipation": {
      "start": 5,
      "end": 10.092244897959183,
      "loop": false
    },
    "basegame_loop": {
      "start": 12,
      "end": 86.61977324263039,
      "loop": true
    },
    "big_win_loop": {
      "start": 88,
      "end": 91.7408163265306,
      "loop": false
    },
    "bonus_win": {
      "start": 93,
      "end": 96.62086167800453,
      "loop": false
    },
    "common_win_end": {
      "start": 98,
      "end": 99.41269841269842,
      "loop": false
    },
    "CS_Freegame_intro_popup": {
      "start": 101,
      "end": 103.60680272108843,
      "loop": false
    },
    "CS_Freegame_outro_popup": {
      "start": 105,
      "end": 107.60680272108843,
      "loop": false
    },
    "freespins_intro_transition_1": {
      "start": 109,
      "end": 111.75004535147393,
      "loop": false
    },
    "Freespins_Loop": {
      "start": 113,
      "end": 142.62058956916098,
      "loop": true
    },
    "fs_number_move": {
      "start": 144,
      "end": 144.8797732426304,
      "loop": false
    },
    "fs_retrigger": {
      "start": 146,
      "end": 147.52897959183673,
      "loop": false
    },
    "generic_btn": {
      "start": 149,
      "end": 149.0671655328798,
      "loop": false
    },
    "line_win": {
      "start": 151,
      "end": 152.58,
      "loop": false
    },
    "mega_big_win_loop": {
      "start": 154,
      "end": 157.74857142857144,
      "loop": false
    },
    "Neptune_Rising": {
      "start": 159,
      "end": 161.20936507936509,
      "loop": false
    },
    "Reels_spin1": {
      "start": 163,
      "end": 167.5677097505669,
      "loop": false
    },
    "Reel_stop": {
      "start": 169,
      "end": 169.7512925170068,
      "loop": false
    },
    "scatter_landing": {
      "start": 171,
      "end": 172.59609977324263,
      "loop": false
    },
    "Scatter_win": {
      "start": 174,
      "end": 176.45873015873016,
      "loop": false
    },
    "Spin_button": {
      "start": 178,
      "end": 178.52843537414967,
      "loop": false
    },
    "Stop_button": {
      "start": 180,
      "end": 180.8154648526077,
      "loop": false
    },
    "Super_Big_Win": {
      "start": 182,
      "end": 185.75578231292516,
      "loop": false
    },
    "super_big_win_loop": {
      "start": 187,
      "end": 194.0598185941043,
      "loop": false
    },
    "Symbol_conversion_Tornado": {
      "start": 196,
      "end": 198.26362811791384,
      "loop": false
    },
    "Transition_1": {
      "start": 200,
      "end": 202.31913832199547,
      "loop": false
    },
    "Transition_2": {
      "start": 204,
      "end": 206.22131519274376,
      "loop": false
    },
    "trident_lightning": {
      "start": 208,
      "end": 211.45365079365078,
      "loop": false
    },
    "ultra_big_win_loop": {
      "start": 213,
      "end": 216.74984126984128,
      "loop": false
    },
    "wintickup_center": {
      "start": 218,
      "end": 219.2949433106576,
      "loop": false
    },
    "win_fade": {
      "start": 221,
      "end": 222.2409523809524,
      "loop": false
    }
  }
}